sleeper_id,team
13269,LVR
13275,LAR
13404,KCC
13303,NYJ
13289,PIT
13425,TBB
13314,DET
13427,BAL
13287,ARI
13286,SEA
13337,KCC
13424,IND
13288,TEN
13345,DEN
13405,WAS
13419,KCC
13347,MIN
13305,LVR
13416,LVR
13327,FA
13414,SFO
13403,NEP
13348,JAC
13780,KCC
13437,HOU
13315,LAR
13277,NOS
13595,ATL
13279,TEN
13281,NOS
13294,PHI
13346,CLE
13298,CLE
13276,NYJ
13274,PIT
13268,BAL
13311,MIA
13320,ATL
13402,BUF
13353,CAR
13333,IND
13285,NYG
13301,WAS
13316,TBB
13309,CLE
13293,BAL
13413,KCC
13420,NOS
13317,TBB
13411,CHI
13410,LVR
13392,KCC
13336,DEN
13318,CIN
13297,ARI
13394,JAC
13338,MIA
13380,LAC
13541,HOU
13943,CHI
13708,CAR
13356,JAC
13621,MIN
13776,TEN
13674,WAS
13533,NOS
13477,CIN
13330,NYJ
13349,PHI
13282,CIN
13401,DAL
13278,LAR
13322,CHI
13455,BUF
13377,NYG
13375,WAS
13388,IND
13591,PHI
13365,TEN
13435,CLE
13319,NOS
13391,MIN
13479,MIA
13445,MIN
13457,NEP
13453,MIA
13458,DET
13460,BAL
13379,TBB
13299,JAC
13454,BUF
13307,HOU
13472,DEN
13466,LVR
13469,CIN
13296,MIA
13468,GBP
13476,JAC
13464,MIN
13470,PIT
13434,MIA
13381,DAL
13421,NEP
13504,NYJ
13503,ARI
13501,SFO
13500,KCC
13496,DAL
13494,DET
13493,JAC
13492,GBP
13491,PIT
13490,HOU
13489,CHI
13488,BUF
13485,CAR
13482,ATL
13481,IND
13480,DAL
13478,SFO
13527,LAC
13524,CLE
13520,SFO
13519,TBB
13518,IND
13516,MIN
13514,BAL
13513,MIN
13408,JAC
13512,CHI
13412,DET
13433,PIT
13273,BAL
13302,BAL
13508,LVR
13335,PHI
13429,MIA
13506,BUF
13306,CLE
13551,ARI
13308,TBB
13531,NYG
13552,ATL
13542,NEP
13555,ATL
13313,SEA
13544,GBP
13554,JAC
13547,DET
13582,DAL
13556,NOS
13569,BUF
13575,DET
13557,WAS
13422,TEN
13586,CAR
13423,PIT
13558,LAR
13588,JAC
13566,MIA
13563,SEA
13572,HOU
13573,NEP
13580,CLE
13584,BAL
13577,DEN
13579,DEN
13295,NEP
13565,SEA
13562,PHI
13329,LVR
13770,GBP
13291,MIN
13418,WAS
13342,KCC
13415,CAR
13593,DEN
13964,NEP
13409,MIA
13331,PHI
13771,GBP
13810,LAR
13778,KCC
13325,DAL
13321,LAR
13601,CLE
13826,NYJ
13725,DAL
13844,CHI
13643,NOS
14034,NOS
13343,ATL
12522,TEN
12524,CLE
12508,NYG
12510,SEA
12500,MIA
12470,IND
12511,PIT
12486,CLE
12494,GBP
12545,NOS
12538,NYJ
12477,SFO
12527,LVR
12529,NEP
12507,LAC
12481,NYG
12476,NOS
12469,CLE
12504,PIT
12455,KCC
12516,TEN
12512,CLE
12490,JAC
12474,HOU
12462,GBP
12467,SFO
12531,CAR
12515,MIA
12543,CIN
12495,MIA
12471,IND
12544,JAC
12472,CLE
12738,DAL
11569,LAR
12534,CHI
12489,DEN
12457,DAL
12519,CHI
12526,CAR
12509,LAC
12499,TEN
12530,JAC
12501,GBP
12503,CLE
12520,TEN
12483,LVR
12485,TBB
12536,HOU
12514,TBB
12492,DEN
12484,HOU
12475,SEA
12972,FA
12505,KCC
12541,LVR
12860,MIA
12460,ATL
13108,FA
12532,FA
13225,FA
12810,FA
12488,FA
12482,GBP
12496,MIN
12497,SEA
12493,LAC
12478,WAS
12721,FA
12518,IND
12506,CLE
12517,CHI
12502,TEN
12498,NYJ
12487,LAR
12521,SEA
12473,CAR
11594,FA
12725,GBP
12574,NYG
12602,SFO
12560,CIN
12585,ATL
12593,PIT
12580,BUF
12621,LAR
12562,CAR
12571,BAL
12573,CLE
12568,ATL
12566,PHI
12646,CIN
12617,CIN
12650,NOS
12565,ARI
12557,DEN
12576,TBB
12595,WAS
12591,ATL
12567,BAL
12548,FA
12547,NEP
12556,DAL
12552,ARI
12561,PIT
12564,MIA
12612,BUF
12667,PHI
12596,BUF
12559,DAL
12601,NYJ
12597,SEA
12588,TEN
12554,DET
12578,CLE
12590,SFO
12594,IND
12583,TEN
12616,CHI
12615,KCC
12604,PHI
12581,NYG
12623,KCC
12584,LVR
12535,DET
12618,NOS
12630,SFO
12610,CAR
12579,ARI
12625,IND
12605,TBB
12622,KCC
12620,LAC
12632,JAC
12619,NOS
12626,HOU
12631,SFO
12628,DEN
12540,TEN
12654,NEP
12653,JAC
12652,BUF
12539,NYJ
12651,PHI
12649,SFO
12648,ARI
12647,ATL
12645,TBB
12611,CAR
12644,GBP
12643,LAC
12641,WAS
12640,BAL
12639,NYJ
12638,NOS
12637,CHI
12636,DEN
12635,LVR
12587,NEP
12634,SFO
12683,MIN
12682,CAR
12680,SEA
12679,MIA
12678,PHI
12677,NEP
12676,LAR
12675,MIA
12614,DAL
12673,MIA
12672,KCC
12671,TBB
12670,LAC
12669,GBP
12668,SFO
12666,NYJ
12665,PIT
12662,CHI
12661,BUF
12659,SEA
12658,BUF
12657,ARI
12656,SEA
12655,NYJ
12687,BUF
12714,BAL
12689,LVR
12713,NEP
12712,TEN
12711,BAL
12710,HOU
12691,IND
12708,JAC
12706,DET
12705,HOU
12704,GBP
12702,JAC
12701,NYJ
12700,MIN
12699,BAL
12684,WAS
12523,CAR
12697,CIN
12696,BAL
12695,BAL
12690,NOS
12694,LAC
12688,MIA
12693,DEN
12737,DAL
12715,NYG
12722,LVR
12724,HOU
12736,ARI
12733,PIT
12734,PIT
12731,DET
12723,IND
12730,TEN
12735,DEN
12718,LAR
12732,DET
12533,WAS
12716,NYG
12739,BUF
12480,NOS
12743,SFO
12720,MIA
12609,NOS
12717,DAL
12726,NEP
13000,LAR
12868,FA
12969,NEP
12817,KCC
12542,NEP
12546,FA
12928,LAC
13001,LAR
12491,ARI
13074,GBP
12863,KCC
12961,CAR
12829,IND
13022,FA
12940,FA
12984,NEP
12775,MIN
12898,FA
12866,FA
13121,MIN
13024,BAL
13048,SEA
13139,FA
12772,TEN
12745,FA
12859,FA
12755,FA
12925,NYJ
13217,NOS
12603,ATL
13043,FA
13153,FA
12803,LAC
13072,SFO
12967,FA
12849,DAL
12981,WAS
12889,NYG
12993,FA
12761,CIN
12826,IND
12773,LAC
12777,PIT
12815,FA
12884,FA
12883,ATL
12909,IND
13189,CLE
12750,FA
12955,PIT
13064,FA
12855,DAL
13149,FA
13011,LAR
12746,CHI
12853,DAL
13202,LAC
12838,LAC
12824,BUF
13088,FA
12479,FA
12927,GBP
13019,LVR
13150,PHI
12938,DET
13029,FA
12797,CLE
13065,FA
12956,CAR
13187,TBB
13145,KCC
12840,LAC
12942,MIN
12897,ATL
13101,CLE
13104,CLE
12910,JAC
13215,HOU
13079,CHI
12835,LAC
12879,MIN
13174,KCC
12957,CAR
12790,TBB
12787,TBB
13075,MIN
12978,NEP
12781,DEN
13120,WAS
11560,CHI
11564,NEP
11566,WAS
11563,DEN
11559,ATL
11565,MIN
11557,DAL
11562,NOS
11376,WAS
11561,FA
11567,FA
12259,FA
11556,FA
12009,FA
11586,LAR
11589,ARI
11579,NOS
11576,NYJ
11583,CAR
11584,TBB
11573,BUF
11644,DEN
11577,PHI
11578,FA
11575,BUF
11581,GBP
11590,FA
11649,CIN
12356,DET
12048,SEA
11580,FA
11643,MIA
11998,FA
11582,PHI
11574,LVR
11628,ARI
11632,NYG
11620,CHI
11637,BUF
11631,JAC
11627,DEN
11624,KCC
11629,BAL
11638,SFO
11621,GBP
11633,CLE
11636,PHI
11625,NYJ
11635,LAC
11618,TBB
11630,PIT
11608,NYJ
11619,NOS
11640,FA
11623,LAR
11921,ARI
11650,WAS
11617,CLE
11645,SFO
11626,CAR
11616,SFO
11604,LVR
11599,HOU
11600,CAR
11596,WAS
11592,CIN
11605,PIT
11593,DAL
11595,KCC
11597,NYG
11667,MIN
11669,IND
11721,ATL
11665,CLE
11714,DEN
11663,MIA
11679,TBB
11740,ATL
11767,FA
11908,MIN
11658,ARI
11692,CLE
11688,CIN
11743,LAC
11752,PHI
11701,LAC
11761,LVR
11742,TEN
12130,FA
11747,NOS
11675,NOS
11661,FA
11685,HOU
11656,BAL
11830,ARI
11678,PHI
11726,LAR
11686,GBP
11729,DET
11674,NYG
11786,JAC
11792,MIN
11648,ARI
11652,FA
11610,MIA
11615,CAR
11654,NYG
11651,SFO
11668,SEA
11662,PHI
11695,JAC
11699,WAS
11691,NYJ
11677,LAR
11693,ARI
11687,GBP
11698,ATL
11676,WAS
11694,DAL
11682,BUF
11689,DET
11697,SFO
11700,NYG
11724,CAR
11710,HOU
11716,ARI
11720,DAL
11705,TBB
11717,ARI
11712,GBP
11722,BAL
11703,PHI
11706,BUF
11725,JAC
11713,CIN
11727,PIT
11744,ARI
11741,FA
11739,GBP
11738,LVR
11736,CIN
11734,SEA
11603,SEA
11732,CHI
11731,SFO
11730,BAL
11728,KCC
11753,SEA
11779,LAC
11778,WAS
11749,LAC
11762,IND
11770,ATL
11760,CHI
11765,DEN
11766,NYJ
11764,CIN
11777,IND
11772,FA
11751,LVR
11771,CAR
11754,TBB
11757,CLE
11750,FA
11775,GBP
11570,BAL
11655,NYG
11773,FA
11759,BUF
11763,GBP
11748,NOS
11571,NYJ
11769,DAL
11755,NYJ
11811,PIT
11809,NEP
11647,LAC
11808,HOU
11807,NYG
11806,FA
11805,HOU
11804,DET
11802,ARI
11801,FA
11598,FA
11800,FA
11799,LAR
11798,BUF
11797,NYG
11796,NOS
11795,GBP
11794,FA
11588,HOU
11790,CLE
11789,FA
11787,GBP
11785,CIN
11783,DAL
11781,BUF
11816,WAS
11826,FA
11831,CIN
11837,ARI
11836,CLE
11825,LVR
11819,MIN
11827,LVR
11834,NOS
11844,NOS
11829,HOU
11843,FA
11821,MIA
11847,TEN
11846,NYJ
11839,FA
11820,TBB
11828,NEP
11841,TEN
11842,SFO
11835,TEN
11815,BAL
11822,CIN
11568,FA
11931,FA
12013,FA
12114,JAC
11606,FA
12007,FA
11646,CAR
11963,LVR
11943,FA
12029,FA
11857,FA
11924,FA
12164,TEN
12171,HOU
12031,NEP
12188,FA
11946,FA
11951,NYG
11964,BAL
12224,FA
11901,FA
11864,FA
12080,FA
11947,FA
12212,FA
12057,CAR
12402,FA
11941,FA
12357,TEN
12172,FA
11886,FA
12210,PIT
11990,FA
12111,DEN
11969,CIN
12068,KCC
12045,NEP
12133,FA
11907,FA
12420,FA
12015,LAR
12139,FA
12421,FA
12370,FA
12385,NYG
11925,FA
12005,FA
12242,FA
12070,FA
11906,FA
11895,NOS
11989,FA
11885,FA
11860,NOS
12270,FA
11929,MIN
12140,LAR
12036,BUF
12397,BUF
11949,FA
12438,FA
12319,CLE
12190,FA
12037,DAL
11934,WAS
11851,JAC
11994,TBB
11855,NEP
12269,HOU
11898,ATL
12163,CIN
11930,MIN
12147,MIA
11905,MIN
11993,CAR
12238,NYJ
12030,NYJ
12050,CLE
12185,IND
11899,NYG
11942,WAS
12115,NEP
12183,KCC
11893,NOS
12142,LAR
12137,NEP
11328,MIN
11872,DET
12011,CAR
12230,LAR
12345,SFO
11923,SFO
12132,LAR
11986,FA
12412,NEP
12128,FA
12374,CLE
11897,FA
11861,PIT
12243,SEA
12056,NYJ
11959,TEN
12062,CIN
11896,NOS
12089,TEN
12096,NYG
12102,PHI
12255,CIN
12160,DET
11900,FA
12182,NEP
11974,TEN
12234,GBP
12391,CAR
12161,DET
12124,MIA
12146,FA
12076,NYJ
12058,CIN
12087,LAC
7865,PIT
8089,FA
9230,PHI
8620,LVR
9228,CAR
9999,TEN
9758,HOU
9998,TEN
9229,IND
10857,LAR
9231,FA
10233,FA
10215,FA
10860,DET
10862,FA
10866,LVR
10217,FA
9509,ATL
9221,DET
9222,FA
9225,PHI
9508,TEN
9506,TBB
9226,MIA
9227,DAL
9753,SEA
10216,SEA
9757,NOS
10651,FA
10223,NYG
10219,JAC
10235,CHI
9505,FA
10865,FA
9511,LAC
9512,FA
9220,HOU
9224,CIN
10211,FA
9497,NYG
10222,GBP
9488,SEA
9756,MIN
9500,IND
9754,LAC
9494,DEN
9997,BAL
10444,CLE
9487,JAC
9504,NEP
10229,KCC
9486,PHI
10863,PIT
10225,DAL
9495,PIT
9492,NOS
11382,FA
10218,HOU
10221,NOS
10228,CIN
9502,HOU
9490,LAR
10232,ARI
10226,CIN
9759,FA
9498,FA
9489,LVR
9493,LAR
9482,LVR
10236,BUF
10859,DET
9481,GBP
9479,PIT
10210,PHI
10227,TBB
10214,LAR
10220,IND
10871,DAL
9484,GBP
10892,HOU
10875,CIN
10908,ARI
10889,NOS
10934,ATL
10873,PHI
11084,WAS
10885,GBP
10929,DEN
10982,SEA
10888,PHI
10935,BAL
10911,SEA
10970,HOU
10969,ARI
10984,CHI
10880,DET
10913,PIT
10891,SEA
10962,PHI
10900,FA
10905,DET
10927,CIN
10974,JAC
11011,DEN
9483,FA
11276,FA
10881,NEP
10883,NYJ
10882,LAR
10879,TBB
10878,NYG
10874,NOS
10872,KCC
10877,NYJ
10928,FA
10909,CIN
10906,MIA
10904,SFO
10903,WAS
10901,PIT
10899,CHI
10898,LAC
10897,CHI
10894,CIN
9480,JAC
10924,NYG
10919,ATL
10925,PHI
10932,ARI
10926,HOU
10917,LAR
10938,FA
10921,TBB
10930,DEN
10914,LAC
10936,SFO
10916,LAR
10933,DAL
10923,BUF
10931,FA
10937,WAS
10213,LVR
10918,IND
10963,PHI
10958,HOU
10957,IND
10955,ARI
10954,ATL
10952,IND
10949,KCC
10947,JAC
10945,FA
10944,BAL
10234,LAC
10943,CLE
10942,WAS
10941,DET
10940,PIT
10939,MIN
10992,JAC
10991,FA
10990,WAS
10989,NEP
10988,IND
10986,ATL
10985,NOS
10212,GBP
10983,CIN
10980,TBB
10978,SFO
10976,LVR
10975,IND
10973,CAR
10972,CHI
10971,FA
10967,FA
10966,MIA
11020,KCC
11009,GBP
11014,ARI
10999,TBB
10995,SFO
11000,NYG
10996,NYJ
11007,NEP
11002,FA
10998,PHI
10231,ARI
10997,TEN
10994,LAC
11018,JAC
11003,FA
11001,NYG
11008,FA
11019,TEN
10993,WAS
9501,NEP
11004,PHI
11015,ARI
11006,DAL
11017,DAL
11010,LVR
11054,FA
11053,FA
11052,IND
11051,LAR
11050,ATL
11047,FA
11046,SFO
11043,FA
11042,GBP
11041,BUF
11040,FA
9510,PIT
11038,FA
11037,PIT
11036,FA
11035,GBP
11034,ARI
11033,NEP
11032,CIN
10224,SFO
11031,HOU
11030,PHI
11029,NYG
11027,MIA
11026,CHI
11025,SFO
11024,FA
11022,LAC
11021,LAR
9223,FA
11214,FA
9499,NYG
10870,NEP
11146,FA
11232,FA
11086,MIN
11256,CHI
11199,KCC
10861,FA
11370,GBP
11176,FA
11505,FA
11439,DEN
11510,DAL
11472,FA
10867,SEA
11344,FA
11506,NOS
11270,FA
11335,FA
11192,FA
10869,FA
11225,FA
9503,FA
11104,FA
11068,CIN
11528,FA
11130,FA
11114,FA
11145,NOS
11119,LAC
8938,FA
11210,ATL
11533,DAL
11170,FA
11306,NYG
11216,FA
11514,DAL
11261,CLE
11430,FA
11457,FA
11320,KCC
11311,KCC
11378,FA
11371,NEP
11354,FA
11247,FA
11168,LAR
11474,ATL
11133,FA
11173,PIT
11435,SEA
11511,FA
11077,FA
11108,TEN
11347,FA
11483,FA
11350,TEN
11098,NYG
11292,NEP
11184,FA
11230,SEA
11058,IND
11105,PHI
11432,FA
11381,ARI
11309,CLE
11479,FA
11470,SEA
11377,BUF
11139,FA
11278,PHI
11193,GBP
11099,FA
11427,DET
11107,FA
11454,NEP
11352,CLE
11277,FA
11429,HOU
11076,MIN
11455,FA
11433,DEN
11315,NYG
11150,SFO
11082,MIA
11441,CAR
11396,SEA
11425,FA
11305,CAR
11458,FA
11280,SEA
11122,DEN
11487,FA
11339,FA
11121,SEA
11512,DAL
11272,FA
11343,ARI
11338,NEP
11384,FA
11169,FA
11273,BUF
11290,CHI
11336,ARI
11489,MIN
11348,DET
11257,LVR
11096,FA
11206,GBP
11258,FA
11209,FA
11132,NYG
11072,WAS
11436,ARI
11391,MIA
11085,MIN
11353,DEN
8576,LAC
11233,SEA
11275,PHI
8415,HOU
11539,DET
11237,DET
11495,FA
11297,FA
11186,MIA
11065,SFO
11070,FA
11288,FA
11345,DET
11395,NYJ
11304,PHI
11440,NYG
12427,DEN
11062,TEN
11201,CLE
11157,CAR
11467,FA
11421,NYG
11481,ATL
11535,DAL
11508,DAL
11394,DET
11251,CIN
11185,TEN
11135,FA
11056,HOU
11319,TEN
13240,FA
11299,MIN
11520,FA
11066,IND
8164,FA
8160,CAR
8162,DAL
8161,MIA
8158,FA
8157,NYJ
8159,FA
8183,SFO
8206,BAL
8216,FA
8431,FA
8915,FA
8201,FA
8199,FA
8212,FA
8193,FA
8155,NYJ
8153,FA
8150,LAR
8151,KCC
8132,ARI
8143,WAS
8139,FA
8138,BUF
8154,ATL
8129,PHI
8208,DEN
8174,FA
8123,LAC
8136,WAS
8120,FA
8230,NOS
8217,FA
8179,FA
8195,LAR
8122,ARI
8190,FA
8194,FA
8207,ATL
8149,FA
8116,GBP
8221,KCC
8218,FA
8152,FA
8800,DAL
8173,FA
8239,FA
8228,PIT
8220,SFO
8184,FA
8407,FA
8211,FA
8226,FA
8189,FA
8205,DET
8187,FA
8112,ATL
8135,WAS
8146,NYJ
8144,NOS
8119,ATL
8148,DET
8126,TEN
8118,CLE
8147,CAR
8191,FA
8134,BUF
8137,DAL
8140,FA
8200,NOS
8168,GBP
8223,SEA
8142,IND
8175,FA
8169,FA
8250,DET
8414,PHI
8209,FA
8166,FA
8178,FA
8198,FA
8125,NYG
8213,FA
8121,NEP
8114,FA
8196,FA
8176,PHI
8185,FA
8222,FA
8204,GBP
8180,LVR
8188,KCC
8117,MIA
8167,GBP
8229,FA
8186,FA
8202,GBP
8115,FA
8130,ARI
8127,LAC
8145,NYJ
8172,MIA
8131,NYG
8110,DAL
8181,LVR
8215,FA
8111,TBB
8214,MIA
8177,PHI
8289,DET
8355,NYG
8287,MIA
8385,KCC
8398,TEN
8291,FA
8351,WAS
8360,HOU
8382,NYJ
8383,ATL
8265,JAC
8279,DAL
8269,PHI
8319,FA
8270,GBP
8273,BUF
8267,LVR
8329,CAR
8278,ATL
8272,ATL
8292,FA
8309,DET
8340,FA
8324,FA
8283,CIN
8371,NEP
8362,WAS
8308,HOU
8290,IND
8339,BAL
8323,PIT
8286,CIN
8268,FA
8353,FA
8392,WAS
8219,NYJ
8235,PHI
8411,FA
8364,LAR
8266,LVR
8296,KCC
8303,DET
8314,HOU
8325,PHI
8365,CHI
8343,CIN
8300,FA
8358,DET
8333,TEN
8368,DAL
8388,ATL
8341,IND
8294,CIN
8280,DEN
8390,NOS
8400,BAL
8376,CLE
8313,NYJ
8310,TEN
8372,ATL
8359,NEP
8311,BUF
8295,ARI
8348,DET
8293,CHI
8225,TEN
8394,WAS
8395,NYJ
8386,CAR
8347,DEN
8316,IND
8276,TEN
8389,CAR
8261,SFO
8258,NYJ
8307,FA
8467,NYG
8470,TEN
8361,TBB
8466,FA
8381,DAL
8210,WAS
8396,NYG
8262,WAS
8380,LVR
8282,DEN
8374,PHI
8384,TBB
8336,KCC
8473,MIN
8331,DAL
8367,CHI
8475,FA
8171,FA
8342,PIT
8377,DEN
8476,DAL
8227,ARI
8478,NYJ
8391,HOU
8332,MIA
8170,CAR
8306,NOS
8486,KCC
8483,TEN
8487,BUF
8334,DET
8327,FA
8489,IND
8498,PIT
8370,DEN
8503,HOU
8492,NYG
8496,MIN
8495,DEN
8330,LAR
8271,DAL
8500,GBP
8481,CIN
8490,TEN
8494,DAL
8484,TBB
8369,PHI
8375,CLE
8321,FA
8305,JAC
8281,CIN
8526,MIA
8525,CLE
8523,NYJ
8405,FA
8299,BUF
8521,FA
8527,LVR
8344,GBP
8520,CHI
8519,LAC
8264,TBB
8517,SEA
8516,FA
8413,KCC
8312,PIT
8373,LAR
8515,FA
8512,FA
8423,CHI
8402,FA
8510,CIN
8509,CHI
8508,ATL
8322,LAR
8506,KCC
8428,FA
8429,FA
8224,FA
8260,FA
8254,TEN
8233,FA
8812,FA
8247,FA
8301,FA
8249,DEN
8236,FA
8408,MIN
8255,NYJ
8775,FA
8363,CHI
8246,FA
8253,FA
8345,CLE
8259,LAC
8650,FA
8917,DAL
8263,LVR
8801,TBB
8861,FA
8399,DAL
8756,DEN
8731,FA
8275,SEA
8665,BUF
8849,NYG
8240,ATL
8745,TEN
8403,FA
8416,FA
8602,FA
8274,CAR
8197,FA
8663,FA
8577,FA
8530,FA
8839,FA
8870,LAR
8547,HOU
8285,MIN
8680,ARI
8528,NOS
8538,FA
8659,LAR
8860,TEN
8783,CIN
8857,KCC
8733,HOU
8406,HOU
8349,HOU
8725,FA
8241,FA
8795,SEA
8654,NYG
8820,FA
8702,CHI
8925,CLE
8854,LAR
8698,SFO
8932,GBP
8726,NEP
8564,FA
8732,FA
8844,CLE
8714,CHI
8776,NYJ
8898,TBB
8901,HOU
8618,NYJ
8833,CHI
8899,NOS
8710,KCC
8683,ARI
8540,SFO
8676,SEA
8569,GBP
8379,TEN
8874,NOS
8641,JAC
8850,ATL
8760,GBP
8869,ARI
8893,FA
8419,FA
8595,FA
8635,FA
8687,SEA
8838,LVR
8794,CLE
8583,PHI
8691,FA
8536,FA
8765,GBP
8719,FA
8532,TEN
8546,HOU
8739,LAR
8871,FA
8836,IND
8928,MIN
8625,ARI
8788,CIN
8288,LAC
8578,NYG
8748,LAR
8107,CHI
8552,BAL
8666,MIA
8889,BAL
8736,FA
8752,DEN
8670,FA
8192,FA
8840,FA
8674,GBP
8328,CHI
8887,TBB
8841,FA
8397,IND
8298,FA
8537,BAL
8834,FA
8612,ARI
8297,PIT
8758,PIT
8435,FA
8914,NEP
8757,FA
8763,FA
8746,ARI
8885,LAC
8580,ARI
8284,CLE
8542,LVR
8615,SFO
8749,FA
8628,FA
8755,CHI
8318,FA
12083,CLE
8809,FA
7523,JAC
7591,KCC
7538,NOS
7610,LAC
7527,SFO
7605,ATL
7581,FA
7531,CAR
7555,FA
7589,FA
8002,BUF
7583,DEN
8087,FA
7585,HOU
7543,NOS
7528,FA
7567,TBB
7588,DAL
7593,PIT
7607,TEN
7611,NEP
7537,LAC
7594,CAR
7599,FA
7561,PHI
7532,FA
7572,FA
7560,FA
7918,FA
7563,FA
8085,FA
7609,FA
7608,NYJ
7574,FA
7904,FA
7993,FA
7794,FA
7867,CAR
7551,FA
7549,FA
7564,CIN
7525,PHI
7601,MIN
7526,DEN
7595,CLE
7534,FA
7547,DET
7596,PHI
7606,FA
7569,HOU
7586,FA
7587,WAS
7571,BAL
7558,FA
7576,FA
7533,FA
7540,FA
7603,FA
7550,FA
7562,MIA
7612,MIA
7812,ARI
7530,FA
7584,FA
7546,FA
7862,FA
7565,MIA
7860,FA
7996,FA
7548,FA
7793,FA
8008,FA
7899,FA
7541,PIT
7556,FA
7604,FA
7670,BUF
7978,FA
7713,FA
7582,FA
7949,FA
7579,FA
7956,FA
7751,FA
7613,FA
8005,FA
7553,ATL
7568,HOU
7600,PIT
7694,CAR
7554,FA
7535,JAC
7842,SFO
7859,FA
7828,KCC
8018,DEN
7597,FA
7972,FA
7536,JAC
7985,FA
7943,NYG
7716,WAS
7633,LVR
7627,BUF
7709,LAC
7646,LVR
7635,CAR
7640,GBP
7651,CLE
7637,ARI
7673,SEA
8009,FA
7648,KCC
7681,ARI
7664,NEP
7711,HOU
7731,DET
7632,FA
7642,CAR
7641,DEN
7680,MIA
7698,NYJ
7659,CAR
7666,NYG
7806,FA
7839,CIN
7922,MIA
7614,FA
7618,FA
7634,PIT
7622,FA
7630,NYG
7629,DET
7628,LVR
7626,WAS
7625,FA
7667,CLE
7662,NEP
7661,DET
7658,FA
7655,PIT
7653,ATL
7649,CHI
7647,NOS
7678,NYJ
7668,FA
7679,DET
7696,NEP
7671,GBP
7695,SFO
7669,NYG
7676,LVR
7677,ATL
7693,NYG
7674,CAR
7683,DET
7688,FA
7687,NYJ
7682,LAC
7686,PHI
7672,SEA
7685,NYJ
7730,ARI
7729,FA
7727,SFO
7726,DET
7724,FA
7723,FA
7722,CAR
7721,NOS
7720,NYJ
7719,FA
7718,FA
7717,FA
7715,IND
7602,TEN
7712,CAR
7710,KCC
7708,MIA
7707,NYJ
7704,IND
7703,FA
7701,FA
7700,FA
7841,NYJ
7840,PHI
7837,FA
7836,CHI
7835,PHI
7833,MIN
7559,ARI
7832,FA
7830,FA
7827,SFO
7826,FA
7825,FA
7824,FA
7823,SFO
7822,FA
7821,SFO
7820,FA
7819,SFO
7818,CIN
7817,FA
7816,NYG
7815,NEP
7814,LVR
7813,SEA
7811,DEN
7810,FA
7809,NYJ
7808,BAL
7807,GBP
7805,FA
7804,FA
7802,PHI
7801,FA
7799,ARI
7529,CIN
7797,FA
7796,PIT
7795,FA
7791,PIT
7789,FA
7788,NYG
7787,BUF
7786,FA
7784,FA
7783,FA
7782,GBP
7780,TEN
7779,FA
7776,CAR
7775,PIT
7944,FA
7772,ARI
7771,FA
7770,PHI
7769,FA
7767,FA
7765,DEN
7764,NEP
7763,FA
7762,FA
7539,FA
7761,FA
7760,FA
7757,PIT
7756,KCC
7755,IND
7945,SEA
7754,NYJ
7753,SFO
7752,NEP
7750,LAR
7890,FA
8051,FA
8058,FA
7552,FA
7741,FA
7992,FA
7961,FA
7870,FA
7951,FA
7970,NYG
8042,FA
8029,FA
7573,FA
7744,FA
7849,DAL
8040,FA
7858,FA
7855,FA
7732,FA
7735,FA
7936,FA
7901,PIT
7617,FA
7995,FA
8004,DEN
7982,ATL
7893,FA
7854,LAR
8003,FA
7987,FA
7957,CHI
7915,FA
7946,CLE
7892,FA
7889,FA
8024,DEN
7930,CIN
7519,FA
7846,MIA
7852,FA
7941,FA
7866,FA
8044,SEA
7931,LAC
8041,BUF
8055,FA
7844,CLE
7974,CHI
7912,MIA
7853,HOU
8020,DAL
7891,DET
8037,FA
8084,DET
8059,DEN
7880,NYJ
7877,NYJ
8031,FA
8054,PIT
8025,DEN
7907,FA
7933,FA
7863,FA
8076,DEN
7876,CHI
8000,MIA
7903,FA
7942,DAL
7921,NEP
7895,PHI
8068,FA
7984,FA
8061,FA
8056,FA
7989,LVR
8013,JAC
8104,BUF
7878,WAS
8001,TEN
8921,CHI
7746,JAC
7521,ATL
6739,FA
6770,CIN
6768,ATL
6797,LAC
6823,FA
6822,FA
6804,GBP
6904,PHI
7013,FA
6892,FA
7063,FA
6898,FA
7008,FA
7083,BAL
7081,FA
7102,FA
7335,FA
7084,FA
6954,FA
7110,FA
7158,FA
6790,CHI
6845,FA
6938,FA
6806,DEN
6951,FA
6813,IND
6820,KCC
6878,FA
6828,CAR
6908,FA
7045,FA
7064,FA
7101,FA
6885,FA
6918,CHI
7038,FA
6955,FA
7001,FA
6931,JAC
6992,FA
6963,SFO
7088,FA
7103,FA
6966,FA
6996,FA
6978,FA
7021,PIT
7005,FA
7227,FA
6973,FA
6984,FA
7048,FA
6959,FA
7093,FA
6786,DAL
6783,CLE
6789,FA
6801,CIN
6794,MIN
6805,FA
6814,FA
6798,MIA
6803,SFO
6886,FA
6819,PIT
6909,FA
6870,FA
6943,BUF
6849,FA
6847,ARI
6957,TEN
6920,NYG
6895,HOU
6866,FA
6945,FA
6857,FA
6939,FA
6873,FA
6879,FA
6824,FA
6853,WAS
7009,FA
7049,MIN
7002,NOS
6913,FA
6906,FA
6960,DAL
7135,FA
7076,FA
6826,CHI
6926,FA
6919,FA
6869,DEN
6865,LAR
6834,FA
6843,LVR
6846,FA
6850,SEA
7050,ARI
6782,NOS
6812,SFO
6802,PHI
6864,NYG
6861,FA
6900,PHI
6838,HOU
6830,FA
6897,FA
6827,NYJ
6781,CAR
6800,WAS
6811,DAL
7006,IND
6867,PIT
6949,MIA
6815,PHI
6848,NOS
7029,FA
6807,PIT
6784,CAR
6831,FA
6792,WAS
6818,BAL
6825,CHI
6785,MIN
6809,FA
6829,KCC
6791,ATL
6840,HOU
6799,CLE
6788,GBP
6888,TBB
6911,DEN
6855,SFO
7062,FA
6836,ATL
6817,SEA
6842,FA
6872,CIN
6795,NYG
6910,NEP
6839,CHI
6921,MIA
7023,MIA
7016,LVR
6880,FA
6851,CLE
6972,JAC
6983,FA
6837,FA
7044,NOS
6841,TEN
6871,FA
6956,FA
7111,TEN
6990,FA
7082,HOU
7113,PIT
6912,FA
7036,NOS
6860,IND
6882,ATL
6856,NOS
6948,NYG
6868,DET
7012,NYJ
7114,FA
6947,BAL
6858,CHI
7004,DEN
6941,LAC
7058,BAL
6935,FA
7117,KCC
6896,WAS
6997,FA
7052,FA
6915,FA
7119,FA
7120,CAR
7053,CLE
6833,FA
7121,FA
6937,FA
6928,NEP
6854,FA
7086,FA
6961,FA
7122,BAL
7085,FA
7107,FA
7090,NYG
6887,LAR
6890,FA
7066,TEN
6958,BUF
6977,DEN
7020,MIA
7124,BAL
7069,KCC
7042,BUF
7075,ATL
6950,PHI
6893,IND
7125,FA
7127,KCC
7128,FA
6917,FA
6968,ATL
6927,PHI
7040,FA
7130,FA
6901,MIN
7131,FA
7133,MIN
6985,FA
7134,FA
6891,FA
7136,LAR
7011,FA
6923,BUF
7137,DET
6874,FA
7141,FA
7024,FA
7143,DEN
6995,FA
7030,FA
7144,FA
7145,FA
7146,GBP
7147,BAL
7148,FA
6969,JAC
7149,FA
7000,PIT
6965,FA
7150,FA
6988,FA
7109,FA
7151,TEN
7152,FA
6929,FA
6970,FA
7032,FA
7154,FA
7155,FA
6989,FA
7156,FA
6832,FA
7080,FA
7091,FA
7098,FA
7106,WAS
7087,BAL
7367,FA
7435,FA
7015,FA
7351,FA
7387,FA
7014,DET
6932,FA
7307,TEN
7056,FA
7175,FA
7216,DET
6936,FA
7311,CHI
7357,CAR
7363,FA
7366,CAR
7185,GBP
7504,FA
7334,FA
7065,FA
5759,MIA
7356,FA
6967,FA
7253,FA
7249,FA
7449,FA
7232,PHI
7446,FA
7346,TBB
7407,FA
7138,JAC
6925,FA
7404,FA
7301,CAR
7268,CAR
7466,FA
7288,FA
7018,DEN
6981,FA
7318,FA
6964,IND
7316,FA
7328,LVR
7204,NEP
7496,IND
7296,FA
7226,FA
7458,FA
7391,FA
7419,MIN
6994,CAR
7068,FA
7289,FA
7200,DET
7347,FA
7251,ATL
7312,PIT
7324,FA
7051,FA
7451,FA
7188,SEA
7392,NYJ
7224,BUF
7279,FA
7197,GBP
7398,FA
7027,PHI
7078,FA
7271,IND
6999,LVR
7208,ARI
7405,FA
6916,GBP
7516,FA
7055,FA
7443,LAC
7169,FA
6946,CLE
7293,FA
7210,FA
7381,NOS
7281,FA
7194,BAL
7259,FA
7329,KCC
6933,JAC
7170,DET
6975,SFO
7276,HOU
7364,KCC
7046,FA
7244,FA
7302,KCC
7474,CIN
7325,FA
7502,FA
7459,DET
7203,FA
7352,FA
7406,NYG
7491,SEA
6876,MIA
7222,FA
7467,ARI
7261,FA
7314,FA
7173,FA
7438,BUF
7337,NYJ
7412,FA
7436,TEN
7619,KCC
7308,FA
7421,FA
7439,TEN
7462,DAL
7341,TBB
7344,NOS
7362,LAC
7277,FA
7427,SEA
6894,FA
7342,BUF
7254,FA
7159,FA
7283,ATL
7039,SEA
7019,GBP
6962,FA
7326,FA
6902,LVR
7339,FA
7234,FA
7160,CHI
6974,MIA
7327,FA
7433,SEA
7444,TBB
7520,FA
7215,SFO
7499,FA
7456,WAS
6986,SEA
7202,FA
7105,FA
7233,FA
6760,DEN
7390,CIN
7410,WAS
6940,TEN
7231,ATL
5849,MIN
5854,SEA
5845,FA
5870,IND
6040,WAS
5974,FA
5903,FA
6136,DEN
6147,FA
6037,MIN
6269,FA
6011,ARI
5885,FA
6185,IND
6450,FA
5892,HOU
6156,FA
5850,GBP
6153,FA
5890,FA
6144,CLE
6159,FA
5976,FA
6151,FA
6130,NYG
5980,SEA
5889,FA
6012,PIT
5919,FA
5967,TEN
5995,BAL
5916,FA
5918,FA
6021,FA
6161,FA
5961,FA
6007,FA
6167,FA
6039,BUF
6068,FA
6002,FA
6334,FA
6448,FA
6637,FA
5878,FA
5846,PIT
5873,FA
5859,NEP
5848,PHI
5886,FA
5863,FA
5970,DET
5927,WAS
6154,TBB
6017,FA
5880,FA
5917,BUF
5884,FA
5924,FA
5911,FA
6063,FA
5938,DEN
5929,FA
6045,FA
5915,FA
6149,NYG
5955,FA
5962,FA
5965,FA
6148,FA
5947,JAC
6049,FA
6047,FA
6165,FA
6069,FA
6097,FA
6019,FA
6362,FA
5872,FA
5857,NOS
5844,MIN
5975,FA
6139,FA
6126,FA
6146,FA
5906,BUF
5957,FA
6142,FA
6001,CIN
5816,SFO
6124,CHI
5839,DAL
5942,FA
5842,SFO
5923,FA
5871,DEN
6003,TBB
5861,ARI
5900,FA
6118,DAL
5841,BUF
5847,CIN
6033,FA
6129,IND
6120,FA
6125,TEN
5865,NEP
6134,FA
6048,FA
5840,JAC
6119,LVR
6131,ARI
5843,CHI
5862,NYG
6020,FA
5851,FA
6135,FA
6133,MIA
6123,FA
5852,FA
5876,SEA
5864,MIN
5853,FA
5908,TEN
5866,FA
5860,FA
5881,FA
5882,FA
2650,FA
6031,FA
6169,FA
6196,FA
6164,FA
6210,PIT
6128,DET
6060,ARI
6179,FA
6127,FA
5982,FA
5971,FA
5883,MIA
5989,FA
6145,JAC
5937,FA
5973,MIN
5894,FA
5914,CAR
6211,MIN
5920,WAS
5905,FA
6177,NYJ
5879,FA
6065,TEN
5944,FA
5946,PIT
6132,FA
6214,CLE
5959,KCC
5987,MIA
5893,BUF
5991,LVR
6152,FA
6173,BUF
6140,MIA
5986,FA
5983,FA
6181,FA
6157,PIT
6023,BAL
5951,FA
6141,KCC
6216,NOS
5981,TBB
6116,FA
5985,HOU
6018,FA
6098,FA
5979,FA
6143,FA
6083,LVR
5888,BAL
5907,FA
6056,SFO
6103,FA
6183,MIN
6076,FA
6217,MIN
6025,CAR
6006,FA
5934,WAS
6176,FA
6093,ATL
6218,HOU
6219,FA
6009,FA
6220,PIT
6188,FA
6013,FA
6283,FA
5930,FA
6059,FA
6222,FA
6223,FA
5928,FA
6186,FA
6284,PHI
6285,FA
5933,FA
6286,BUF
6272,LVR
5978,PIT
6014,ARI
6288,FA
6289,FA
6057,FA
6290,CHI
5953,SEA
6015,FA
6291,DAL
6178,FA
5925,FA
5921,NYJ
6293,FA
6034,CLE
6175,GBP
6030,OAK
6051,FA
6294,CHI
6070,NYJ
6137,FA
6298,FA
5926,FA
6168,FA
5977,FA
6299,CHI
5935,DAL
6300,KCC
6301,CAR
6302,NOS
6174,NYG
6088,FA
6304,FA
5993,FA
6405,FA
5954,ATL
6296,MIA
6273,LAC
6192,FA
6107,FA
6072,FA
6427,IND
5902,FA
6032,FA
5997,FA
6323,NYJ
6171,FA
5960,CHI
3893,FA
6016,FA
6046,FA
5939,MIA
6155,FA
6416,ARI
6261,FA
6519,FA
6694,NEP
6501,FA
6115,FA
6208,FA
6420,FA
6421,FA
6446,FA
6373,ARI
6074,PIT
6317,FA
6209,CAR
6195,FA
5984,FA
6081,FA
6111,TBB
6202,HOU
6089,FA
6553,FA
6549,FA
6510,FA
6498,CLE
6436,FA
6496,FA
5945,FA
5830,FA
5912,NOS
6109,LAC
6268,BUF
5162,FA
6363,FA
6656,HOU
6710,FA
5941,FA
6244,JAC
6246,FA
6357,FA
6358,FA
6585,FA
6347,FA
6348,LAC
6227,BUF
6315,MIA
6318,FA
6628,FA
6666,FA
6453,IND
6451,FA
6452,FA
6027,TEN
6611,NOS
6612,SFO
6539,FA
6438,DEN
6395,FA
6396,DEN
6588,DET
6651,DET
6430,TEN
6371,FA
6372,FA
6711,DAL
6307,FA
6461,JAC
6026,ATL
5968,HOU
6239,FA
6043,FA
6551,NEP
6712,FA
6247,FA
6386,LVR
6387,FA
6598,NYJ
6379,FA
6380,FA
6381,CLE
6699,NYG
5990,NEP
6234,FA
5996,FA
6163,FA
6557,FA
6540,FA
6563,FA
6682,FA
2894,HOU
6593,TBB
6485,HOU
6231,FA
6271,ATL
6536,FA
6528,TEN
6472,FA
6695,KCC
6584,DEN
6311,FA
6402,ARI
6595,FA
6730,FA
6355,FA
6555,LVR
6538,FA
5823,FA
6099,FA
6005,SFO
6601,FA
6439,FA
6160,FA
6279,FA
6333,GBP
6353,LAR
6055,FA
6627,WAS
6235,FA
6378,FA
6679,TEN
6252,NYG
6494,SEA
6432,BAL
6354,CLE
6257,FA
6467,FA
6650,TBB
6579,FA
6258,NYJ
6659,NEP
6581,FA
6105,CIN
6542,FA
6310,NYJ
6714,TBB
6591,JAC
6075,FA
6429,NYJ
6398,NYJ
6328,NYJ
6090,MIA
6634,MIA
7094,FA
7095,FA
6138,FA
6108,FA
6523,DET
6763,FA
6778,FA
5966,DEN
6665,FA
6390,FA
6419,DAL
6657,FA
6610,BUF
6314,CHI
6517,FA
6332,MIN
6639,FA
6104,FA
6640,CAR
6243,FA
7518,FA
6266,FA
6645,TBB
6233,LAC
6335,DAL
6321,FA
5952,NOS
6753,FA
6254,TEN
6662,FA
6529,FA
6423,KCC
6687,FA
6602,NOS
6476,CLE
6604,FA
5822,FA
3846,FA
4878,FA
4984,BUF
4892,TBB
4863,FA
4943,SEA
4881,BAL
5108,FA
4972,PIT
5228,FA
5270,FA
5089,FA
5118,FA
5142,FA
4996,FA
5745,FA
5165,FA
4866,PHI
4949,FA
5052,FA
4962,FA
4985,FA
5195,FA
4988,FA
5136,FA
5068,FA
5107,FA
5170,FA
5112,FA
4997,FA
5046,LAC
5273,FA
5076,FA
5131,FA
4994,FA
5347,NOS
5549,FA
5278,FA
5192,PIT
5143,FA
5274,FA
4981,TEN
5045,DEN
5024,FA
5185,FA
4950,SFO
4992,NOS
4983,BUF
5101,FA
5323,FA
5121,NYG
5013,FA
5310,FA
5096,NYG
5130,FA
5164,FA
5111,FA
5026,FA
5038,FA
4942,FA
5290,FA
4998,FA
5126,FA
5798,FA
5113,DET
5250,FA
5548,FA
5625,FA
5261,FA
5006,FA
5070,FA
5132,FA
5787,FA
5176,FA
5007,FA
5005,FA
5139,FA
5211,FA
5102,FA
5210,FA
4951,FA
5781,SFO
5665,FA
5012,BAL
4993,CIN
5092,FA
5022,PHI
5133,DET
5008,BAL
4995,LVR
5009,FA
4973,FA
4967,BUF
5067,IND
5351,ATL
5015,FA
5075,PHI
5307,FA
5057,IND
4965,FA
5212,FA
4999,ARI
5002,CLE
4969,TBB
5049,NYJ
5366,WAS
4975,BAL
4960,BAL
4968,NYG
5016,FA
4978,FA
5030,NEP
5033,FA
5334,FA
5021,FA
5061,SEA
5003,FA
5056,CLE
4964,CLE
5029,FA
5044,ARI
5054,NEP
5153,FA
5435,FA
4963,NYJ
4971,LAC
5025,MIA
4974,LVR
5036,NOS
5095,LVR
5189,SFO
4976,WAS
5137,FA
5587,FA
5000,WAS
4980,FA
4979,PHI
4982,ATL
4954,FA
4990,FA
5037,FA
5058,FA
5055,HOU
5017,ATL
5051,LAC
5028,PIT
5066,FA
5019,FA
5020,CIN
5041,SFO
5043,NOS
5035,IND
5059,FA
5064,FA
5063,FA
5050,FA
5031,CIN
5042,FA
5040,FA
5032,JAC
5048,NOS
5333,TEN
5365,FA
5382,IND
5303,FA
5330,WAS
5375,FA
5301,FA
5348,SFO
5010,FA
5341,LVR
5300,FA
5329,FA
5361,DET
5004,FA
5371,CHI
5466,TEN
5342,FA
5001,HOU
5311,FA
5372,DET
5318,PIT
5374,HOU
5302,FA
5379,PIT
5074,FA
5360,FA
5081,FA
5011,SEA
5078,TEN
5369,FA
5098,SFO
5077,FA
5099,FA
5084,LVR
5100,FA
5079,FA
5087,LAC
5381,KCC
5086,DAL
5080,FA
5088,FA
5085,FA
5091,PHI
5090,HOU
5069,FA
5350,NOS
5370,FA
5378,TEN
5082,FA
5083,FA
5071,PIT
5103,FA
5331,FA
5110,SFO
5073,PIT
5328,HOU
5367,FA
5332,JAC
5122,FA
5376,FA
5123,FA
5305,CLE
5344,FA
5117,FA
5325,FA
5338,FA
5336,OAK
5120,FA
5124,FA
5345,FA
5326,FA
5373,FA
5337,FA
5115,FA
5343,FA
5119,NYJ
5306,FA
5315,FA
5322,GBP
5340,FA
5346,GBP
5116,FA
5297,MIA
5368,FA
5317,MIA
5339,MIA
5314,JAC
5320,GBP
5128,ARI
5094,FA
5163,FA
5248,FA
5174,FA
5450,IND
5434,CAR
5516,FA
5201,FA
5277,FA
5703,FA
5268,FA
5751,FA
5199,FA
5138,FA
5766,FA
5767,LAR
5209,FA
5721,CLE
4859,FA
5536,FA
5231,FA
5257,FA
5395,FA
5463,OAK
5255,FA
5460,FA
5127,BUF
5293,WAS
5134,FA
5125,FA
5260,FA
5506,IND
5158,JAC
5266,FA
5263,FA
5154,BUF
5432,FA
5700,FA
5443,LAR
5272,LVR
5262,IND
5386,FA
5500,FA
5605,FA
5567,FA
5267,FA
5565,FA
5784,CAR
5206,FA
5695,FA
5539,FA
5289,FA
5576,LAR
5479,FA
4811,FA
5271,LAR
5193,FA
5388,FA
4435,WAS
5493,IND
5613,NYJ
5183,FA
5753,FA
5615,JAC
5159,FA
5161,DET
5494,SFO
5147,ATL
5226,LAR
5416,FA
5141,FA
5545,FA
5445,IND
5191,FA
5452,PHI
5646,FA
5214,FA
5629,FA
5580,WAS
5519,MIN
5669,NOS
5662,FA
5178,FA
5464,FA
5526,FA
5619,FA
5773,FA
5175,FA
5424,CLE
5418,CLE
5188,LAC
5756,NYG
3472,FA
5230,BUF
5601,FA
5726,NEP
5285,CAR
5483,FA
5166,FA
5279,PIT
5670,FA
5253,CIN
5647,FA
5436,FA
5570,FA
5135,FA
5220,FA
5691,ATL
5181,PIT
5383,FA
5680,FA
5284,MIA
5658,FA
5671,FA
5583,DET
5655,FA
5624,FA
5623,BUF
5641,CIN
5259,FA
5222,CIN
5659,FA
5581,FA
5736,FA
5661,FA
5722,WAS
5837,FA
5760,FA
3568,PHI
3420,FA
5709,FA
5275,FA
5244,ATL
5241,FA
5168,FA
5269,FA
5235,FA
5465,FA
5171,FA
5409,CIN
5636,TEN
5757,ATL
5642,CIN
5402,DET
5692,FA
5741,FA
5827,JAC
5520,IND
5664,FA
5684,FA
5792,WAS
5449,TBB
5508,IND
5754,FA
5442,LAC
5639,FA
5233,FA
5660,CAR
5591,CLE
5196,FA
5528,CLE
5489,FA
5532,PIT
5218,ATL
2682,FA
5448,BAL
5505,FA
5495,CAR
5197,FA
5474,SEA
5628,FA
5748,FA
5806,MIN
5292,FA
5727,FA
5470,FA
5327,CIN
5572,FA
5179,PHI
5674,FA
5534,NYG
5569,FA
5626,WAS
2821,FA
4017,CLE
4026,FA
3976,TEN
4046,KCC
4222,FA
4853,FA
4179,FA
4061,FA
4051,FA
4839,FA
4574,FA
4127,DET
4183,FA
4029,FA
3969,FA
4034,SFO
4018,FA
4035,NOS
4147,CIN
4111,FA
4150,FA
4651,FA
4178,FA
4098,FA
4149,FA
4232,FA
4265,FA
4186,FA
4219,WAS
4263,FA
4398,FA
4137,ARI
4718,HOU
4576,FA
4635,FA
4923,FA
4806,FA
4036,FA
4068,FA
4038,FA
4040,NYG
4082,FA
4146,FA
4456,FA
4243,FA
4670,FA
4252,FA
4037,TBB
4039,SEA
4162,FA
4139,FA
4125,FA
4171,NYJ
4169,FA
4214,FA
4108,FA
4234,WAS
4119,FA
4360,FA
4508,FA
4080,ARI
4254,FA
4787,FA
4489,FA
4324,FA
4644,FA
4938,FA
4175,FA
4520,NOS
4676,FA
4823,FA
4200,FA
4055,FA
4066,DEN
4151,FA
4184,FA
4033,LAC
4144,FA
4221,FA
4153,FA
4164,FA
3973,LAR
4058,TEN
4073,FA
4065,HOU
4148,BAL
4271,FA
4075,FA
4069,FA
4103,SFO
4105,FA
4032,CIN
4231,FA
4095,FA
4166,TEN
4101,IND
4100,FA
4070,PIT
4030,FA
4110,DET
4143,FA
4097,FA
4099,FA
4067,FA
4090,FA
4071,BAL
4059,FA
4083,FA
4078,PHI
4129,JAC
4074,DAL
4158,FA
4077,LVR
4056,PIT
4216,FA
4152,FA
4160,FA
4089,FA
4042,FA
4285,FA
4187,FA
4289,FA
4063,TBB
4054,IND
4057,FA
4072,BUF
4079,FA
4081,ARI
4093,LAC
4091,LAC
4085,FA
4088,FA
4084,FA
4096,FA
4086,WAS
4087,FA
4092,LAC
4120,FA
4114,IND
4107,BAL
4109,FA
4106,BUF
4124,WAS
4113,JAC
4118,TBB
4112,FA
4126,MIN
4117,FA
4121,FA
4140,SEA
4133,FA
4132,FA
4138,FA
4131,FA
4141,FA
4134,FA
4128,FA
4136,WAS
4130,FA
4142,FA
4135,BAL
4145,FA
4173,FA
4181,FA
4180,CLE
4177,NEP
4157,FA
4172,FA
4182,FA
4163,CHI
4170,ATL
4161,CLE
4174,WAS
4159,FA
4168,IND
4217,SFO
4204,FA
4188,DET
4192,FA
4195,PHI
4220,FA
4202,ARI
4203,FA
4191,BUF
4198,FA
4210,FA
4212,FA
4201,FA
4208,FA
4197,FA
4215,FA
4189,SEA
4218,FA
4207,NOS
4211,FA
4199,MIN
4205,OAK
4213,FA
4224,DET
4276,FA
4251,NYJ
4238,FA
4226,FA
4228,FA
4253,ATL
4225,FA
4259,TBB
4261,FA
4278,DEN
4279,FA
4239,FA
4262,FA
4240,FA
4230,IND
4223,FA
4268,FA
4237,FA
4248,FA
4256,NYJ
4266,FA
4246,MIN
4280,FA
4233,MIA
4274,CAR
4281,FA
4236,TEN
4277,CHI
4286,FA
4255,FA
4227,KCC
4249,FA
4287,WAS
4244,JAC
4283,DEN
4264,FA
4257,FA
4235,FA
4269,FA
4273,FA
4241,DET
4229,FA
4416,FA
4362,FA
4526,FA
4445,NYJ
4551,FA
4328,FA
4626,FA
4453,FA
4351,NYJ
4455,FA
4309,CIN
4396,FA
4531,FA
4294,HOU
4349,FA
4326,FA
4426,FA
4588,FA
4750,DAL
4421,FA
3540,FA
4564,NYJ
4355,FA
4461,FA
4528,FA
4311,FA
4666,FA
4663,FA
4475,FA
4342,FA
4439,FA
4376,FA
4678,WAS
4622,FA
4401,FA
4707,FA
4335,FA
4511,TEN
4454,ARI
4614,FA
4541,FA
4606,FA
4381,FA
4373,FA
4449,FA
4602,PIT
4390,ARI
4331,IND
4544,FA
4519,FA
4681,CHI
4596,FA
4660,FA
4304,FA
4359,WAS
4684,FA
4400,WAS
4689,ARI
4643,MIA
4468,FA
4368,FA
4413,MIN
4415,LVR
4720,CAR
4696,FA
3728,FA
4345,BAL
4353,NYG
4476,FA
4363,CIN
4603,OAK
4604,FA
4352,FA
4668,SFO
4389,FA
4558,LAC
4427,FA
4452,FA
4594,SFO
4664,TEN
4605,FA
4661,NOS
4319,FA
4611,TEN
4719,FA
3592,FA
4491,FA
4386,FA
3765,LAR
4460,DAL
4357,FA
2769,JAC
4552,FA
4402,FA
4522,FA
4418,FA
3818,WAS
4572,TEN
4480,FA
4451,HOU
4503,DET
4616,TEN
3774,NOS
4632,FA
4395,WAS
4361,CIN
4393,PHI
4617,FA
4470,FA
4591,FA
4518,FA
4377,JAC
4571,FA
4650,IND
4654,PIT
4420,TEN
4548,FA
4854,WAS
6744,FA
4344,FA
4741,FA
4656,FA
4536,FA
4819,NEP
3467,FA
4958,FA
4442,FA
4350,NOS
2796,FA
4501,FA
4619,CHI
4314,PHI
3837,TEN
4529,FA
4371,BAL
4464,JAC
4443,ARI
3469,FA
4527,LAC
4050,FA
4752,FA
4669,FA
4761,FA
4848,PIT
4828,TEN
4829,FA
6724,FA
4658,FA
4647,FA
3161,MIN
3163,DET
3170,FA
3171,FA
3168,FA
3210,FA
3257,ARI
3205,FA
3318,FA
3410,FA
3294,DAL
3357,NYG
3362,WAS
3164,FA
3198,BAL
3204,FA
3327,FA
3209,FA
3242,FA
3211,FA
3208,FA
3366,CLE
3306,FA
3312,FA
3309,FA
3594,FA
3338,FA
3280,FA
3453,FA
3471,BUF
3532,FA
3397,FA
3564,FA
3155,IND
3177,FA
3157,FA
3178,FA
3519,FA
3225,FA
3203,FA
3199,FA
3492,FA
3398,FA
3253,FA
3328,FA
3297,FA
3200,TBB
3520,FA
3278,FA
3620,FA
3368,FA
3310,FA
3386,FA
3503,FA
3486,FA
3273,FA
3384,FA
3348,FA
3385,FA
3396,FA
3500,FA
3652,FA
3214,NEP
3202,ATL
3271,LAR
3561,FA
3258,LAR
3340,FA
3514,FA
3481,FA
3504,DEN
3668,FA
3156,BUF
3182,BUF
3172,IND
3196,TEN
3195,FA
3197,JAC
3244,FA
3494,FA
3358,FA
3180,FA
3218,TBB
3220,SEA
3207,ARI
3560,JAC
3167,FA
3166,FA
3176,CLE
3405,FA
3190,FA
3501,FA
3251,FA
3264,FA
3530,FA
3316,FA
3160,PIT
3194,FA
3224,FA
3252,DET
3189,SFO
3388,DET
3191,FA
3230,FA
3240,FA
3399,FA
3201,FA
3148,FA
3475,FA
3174,ATL
3188,HOU
3181,FA
3184,FA
3192,MIA
3186,DAL
3183,FA
3558,KCC
3215,FA
3216,FA
3217,TEN
3222,TBB
3223,FA
3227,FA
3228,FA
3229,FA
3231,FA
3232,TBB
3233,NEP
3234,FA
3236,CLE
3237,FA
3238,FA
3239,FA
3241,DAL
3243,NOS
3246,WAS
3249,FA
3254,FA
3255,FA
3256,GBP
1696,FA
3260,FA
3262,FA
3206,FA
3263,NYJ
3266,FA
3265,WAS
3268,JAC
3269,WAS
3270,FA
5547,FA
3272,TBB
3275,MIA
3274,FA
3276,FA
3277,FA
3279,FA
3281,NYJ
3284,KCC
3285,FA
3286,SFO
3287,FA
3289,FA
3291,FA
3292,SFO
3293,FA
3295,PIT
3296,FA
3298,FA
3299,FA
3303,BUF
3304,FA
3308,FA
3315,FA
3313,FA
3319,FA
3321,FA
3322,NYG
3323,FA
3325,FA
3331,FA
3332,FA
3333,FA
3335,FA
3336,FA
3334,FA
3337,FA
3339,FA
3341,FA
3342,FA
3343,FA
3344,MIN
3345,FA
3346,FA
3347,FA
3350,FA
3352,FA
3353,FA
3354,FA
3355,MIA
3359,KCC
3360,FA
3361,FA
3363,FA
3364,FA
3367,FA
3369,LVR
3371,FA
3372,FA
3374,FA
3373,FA
3375,FA
3377,FA
3378,FA
3380,FA
3381,FA
3382,FA
3383,TBB
3387,FA
3390,FA
3391,FA
3392,FA
3393,ATL
3394,DET
3395,PHI
3400,FA
3401,FA
3402,FA
3404,SFO
3406,FA
3407,FA
3212,SEA
3300,FA
3531,FA
3496,FA
3451,HOU
3464,FA
3516,FA
3470,FA
3491,FA
3552,FA
3463,FA
3573,FA
3465,FA
3412,FA
3436,ARI
3488,FA
3118,FA
3702,FA
3612,FA
3495,FA
3555,FA
3548,FA
3213,FA
3562,SFO
3447,FA
3484,FA
3460,FA
3497,FA
3517,FA
3413,FA
3657,FA
3473,FA
3861,FA
3730,FA
3485,FA
3457,FA
3810,FA
3715,NOS
3840,FA
3780,FA
3550,FA
2634,FA
3570,FA
3873,FA
3868,FA
3433,FA
2732,FA
3476,FA
3650,FA
3622,FA
3078,SEA
3614,FA
3768,FA
3832,FA
3836,OAK
3717,FA
3783,NOS
3598,IND
3934,FA
3423,WAS
3424,FA
3710,FA
3505,PHI
3582,FA
3621,NOS
3711,FA
3669,FA
3583,JAC
3716,FA
2784,DAL
3456,KCC
3418,CIN
2990,FA
3623,ARI
3797,FA
3502,FA
3788,FA
3446,FA
3745,FA
3681,FA
3659,KCC
3547,FA
3048,NYG
3678,DEN
3426,FA
3513,WAS
3784,FA
1830,FA
3419,FA
3709,FA
3734,FA
3828,SEA
3000,FA
3575,FA
2835,FA
3474,FA
3597,TBB
3478,SEA
3838,WAS
2827,FA
3633,DET
3747,FA
3644,NYJ
1857,FA
3415,PHI
3605,FA
3595,FA
3721,FA
3764,FA
3416,FA
3600,TBB
3766,NYG
3763,FA
3563,DET
3461,FA
3722,FA
3438,FA
3800,IND
3680,FA
3864,FA
3802,ARI
3537,HOU
3417,ARI
3584,IND
3761,IND
3008,FA
3688,FA
3889,FA
3634,CHI
3824,PHI
3487,TEN
3642,BAL
3867,SEA
3589,FA
3781,CLE
2813,FA
3643,JAC
3886,FA
3743,BUF
3428,FA
3667,FA
3479,FA
3664,FA
3729,GBP
3803,FA
3827,FA
1774,FA
3329,FA
3445,FA
2613,FA
3149,FA
4323,FA
3637,FA
3546,IND
2863,SEA
3440,FA
3515,FA
3526,NYG
3676,TEN
3427,FA
3444,FA
3714,FA
3616,NOS
3731,FA
2859,FA
3841,FA
3895,FA
3852,FA
4330,FA
3016,FA
3878,FA
3894,FA
3720,FA
3506,HOU
3834,FA
2885,BAL
3695,FA
3808,FA
3805,FA
3785,BUF
3813,FA
3527,FA
2553,FA
2564,FA
2306,NYG
2307,WAS
2450,FA
3957,FA
2408,FA
2394,FA
2380,FA
2576,FA
2903,FA
2315,FA
2320,FA
2378,FA
2341,FA
2452,FA
2359,JAC
2411,FA
2382,FA
2441,FA
2430,FA
2458,FA
2477,FA
2400,FA
2506,FA
2431,FA
2597,FA
2556,FA
2534,HOU
2585,FA
2731,FA
2391,FA
2337,FA
2820,FA
2309,FA
2319,FA
2312,FA
2392,FA
2375,FA
2345,FA
2325,FA
2342,FA
2442,FA
2410,FA
2412,FA
2449,FA
2374,FA
2334,LVR
2459,FA
2713,FA
2891,FA
2587,FA
2580,FA
2593,FA
2465,FA
2428,FA
2331,FA
2700,FA
3021,FA
2584,FA
2721,FA
2938,FA
2573,FA
2436,FA
2346,FA
2360,FA
2495,LVR
2397,FA
2528,FA
2373,FA
2463,FA
2390,FA
2422,FA
2559,FA
2365,FA
2328,FA
2308,SEA
2322,JAC
2340,FA
2384,FA
2393,HOU
2406,FA
2356,FA
2606,BUF
2311,SEA
2317,FA
2395,WAS
2482,ATL
2357,BUF
2313,FA
2330,BUF
2434,FA
2429,FA
2327,LAC
2563,FA
2404,FA
2423,FA
2353,LAC
2350,SFO
2571,NYJ
2336,FA
2523,FA
2323,FA
2383,FA
2347,FA
2316,FA
2321,FA
2338,FA
2696,HOU
2719,FA
2498,FA
2538,TBB
2786,FA
2381,FA
2942,FA
2544,FA
2399,FA
3012,FA
2505,FA
2560,FA
2577,FA
2975,FA
2332,FA
2335,FA
2343,WAS
2344,WAS
2348,FA
2349,FA
2351,FA
2352,FA
2355,FA
2361,FA
2363,FA
2367,ARI
2368,FA
2369,FA
2370,FA
2379,FA
2385,SEA
2387,FA
2388,FA
2389,FA
2398,FA
2401,FA
2402,FA
2403,FA
2405,FA
2409,WAS
2413,FA
2414,FA
2418,OAK
2420,FA
2421,FA
2425,ARI
2426,FA
2427,FA
2432,FA
2439,HOU
2440,FA
2592,CHI
2443,FA
2444,FA
2445,FA
2446,FA
2447,FA
2448,FA
2451,FA
2453,MIN
2454,FA
2456,HOU
2457,FA
2460,FA
2461,FA
2462,FA
2464,FA
2466,FA
2467,CAR
2468,MIA
2470,FA
2471,CLE
2472,FA
2473,FA
2474,FA
2475,FA
2476,FA
2478,FA
2479,IND
2480,FA
2481,BUF
2483,WAS
2988,FA
2485,FA
2487,FA
2488,FA
2489,FA
2490,BUF
2492,FA
2493,FA
2494,MIN
2496,SFO
2497,PHI
2499,FA
2500,BUF
2501,SEA
2502,FA
2503,FA
2504,TEN
2507,FA
2508,FA
2510,FA
2511,FA
2512,TEN
2513,FA
2514,FA
2517,FA
2993,TBB
2518,FA
2519,FA
2520,FA
2522,FA
2526,TBB
2529,FA
2530,FA
2531,FA
2532,KCC
2533,FA
2535,FA
2536,PIT
2537,FA
2540,MIA
2541,FA
2547,FA
2545,FA
2546,FA
2548,FA
2549,ATL
2550,DEN
2551,FA
2552,FA
2555,FA
2588,FA
2949,FA
2562,BAL
2598,FA
2583,FA
2633,DAL
2566,IND
2750,CLE
2936,FA
2890,FA
2654,FA
2685,FA
2753,FA
2635,FA
2703,FA
2729,FA
2672,MIA
2723,NOS
2596,WAS
2785,FA
2981,PHI
2581,MIA
2925,SFO
2805,STL
2823,CLE
2652,FA
2913,FA
2911,FA
2649,FA
2671,FA
2834,FA
2579,MIA
2929,FA
2935,FA
3063,FA
2853,FA
2909,FA
2683,FA
2568,STL
2676,FA
2668,FA
2801,FA
2611,FA
2674,FA
2653,NOS
2841,NYJ
2927,FA
2789,FA
2766,FA
2850,FA
2626,ARI
2892,FA
2884,SEA
2621,FA
2749,LVR
2645,FA
2896,FA
2774,PIT
2952,PIT
2761,FA
2726,FA
2594,FA
2603,FA
2638,NOS
2735,NYG
2771,GBP
2673,FA
2699,FA
2773,MIA
2849,FA
2963,FA
2614,FA
2803,FA
2711,FA
2558,FA
2779,FA
2686,FA
2772,FA
2677,NYG
2830,TEN
2679,FA
2707,FA
2667,FA
2742,FA
2655,FA
2806,FA
2815,TBB
2714,FA
2642,FA
2669,ARI
2822,FA
2860,FA
2687,FA
2709,FA
2572,FA
2589,FA
3043,FA
3040,FA
2824,FA
2724,FA
2643,FA
2704,FA
2664,ARI
2831,FA
2887,FA
2811,FA
2640,TBB
2804,DET
2861,FA
2586,SFO
2751,FA
2602,FA
2826,FA
3069,FA
2627,FA
2717,MIA
2944,FA
2907,NYG
2825,CIN
2843,ARI
2708,FA
2575,FA
2690,FA
2908,FA
3154,FA
2980,FA
2839,FA
3041,FA
3144,FA
2165,FA
1643,FA
2869,FA
2697,FA
1625,FA
2983,TBB
3022,FA
2604,BUF
2741,FA
3036,FA
2818,ARI
2755,FA
2599,FA
2630,NYG
3909,FA
2617,DEN
2778,FA
2152,DET
1907,FA
1979,FA
1895,FA
2028,FA
1935,FA
1850,FA
2251,FA
2019,FA
1957,FA
2231,FA
2101,FA
2104,FA
1937,FA
1892,FA
2048,FA
2223,FA
2257,FA
2088,FA
2023,FA
2168,FA
2189,JAC
2283,FA
1986,FA
2100,WAS
2065,DAL
1901,FA
2142,CLE
1817,FA
2216,SFO
1987,FA
2182,FA
2197,BUF
2133,LAR
1800,FA
1971,FA
1992,FA
2078,NYG
1825,FA
2279,FA
2132,FA
1862,FA
1798,FA
2121,FA
2074,FA
1916,FA
2255,FA
1855,FA
2153,FA
1938,FA
2118,FA
1849,FA
2222,FA
1951,FA
1985,WAS
1827,FA
2082,FA
2245,FA
1793,FA
1947,DAL
1925,FA
2187,FA
2099,FA
1835,FA
2015,FA
2259,FA
2274,CLE
1954,FA
2170,FA
1872,FA
2107,FA
1921,FA
2151,FA
2036,LAC
1924,FA
2130,BAL
2110,FA
2042,FA
2139,GBP
2207,FA
1875,FA
2176,TEN
2265,NOS
1946,CLE
2000,MIA
2241,FA
2008,FA
1904,FA
1887,FA
1982,FA
2135,FA
1859,FA
2230,FA
1802,CLE
1972,FA
1912,FA
1848,FA
2292,FA
2196,FA
2217,MIA
2227,FA
2004,FA
2195,FA
1837,LAR
2161,FA
2108,FA
2055,FA
1803,FA
2240,FA
2267,FA
2064,SEA
2204,SEA
2178,CAR
1905,FA
2155,FA
2080,FA
1808,FA
1864,FA
1858,JAC
2115,FA
2244,FA
2148,FA
2017,FA
1885,FA
2238,FA
1914,FA
2146,FA
1868,FA
1806,FA
2091,FA
2031,FA
2275,FA
1809,FA
2224,FA
1932,BUF
2037,FA
2062,FA
2134,CIN
1930,FA
2276,FA
1818,FA
2201,FA
1902,FA
2184,FA
2258,FA
2116,FA
2277,FA
2122,FA
1881,BAL
2131,CAR
1880,FA
1796,PHI
2093,FA
1995,FA
2167,FA
2183,FA
1940,FA
2079,FA
1856,FA
1923,FA
2126,JAC
1994,FA
2250,FA
2043,FA
1973,FA
2208,NOS
2179,FA
2264,FA
1831,ATL
2281,FA
2084,FA
1955,HOU
2253,FA
2156,FA
1944,FA
2106,FA
2159,FA
2083,NYJ
2228,FA
1821,FA
2113,FA
1926,FA
1883,FA
2247,FA
2138,GBP
1843,FA
1851,FA
1847,TEN
2278,FA
1854,FA
1956,FA
1889,FA
1853,FA
2229,FA
1952,HOU
2090,FA
1866,FA
2029,FA
2163,FA
1813,NYJ
2164,MIA
1788,FA
2162,MIN
2280,FA
2094,FA
1915,FA
2061,SDC
1861,FA
2140,FA
1820,FA
2033,NYG
1898,IND
2052,FA
2226,FA
2005,FA
2263,SFO
2262,KCC
2030,BUF
2057,FA
1896,FA
2067,FA
2180,ATL
1942,FA
1833,FA
1804,FA
2025,FA
2200,FA
1794,FA
2001,FA
1910,FA
1990,WAS
2007,FA
1928,FA
2076,PIT
2058,FA
1975,FA
1792,FA
1841,FA
1929,FA
2119,FA
2060,FA
2075,PIT
2191,FA
2205,IND
1919,FA
2026,FA
1984,FA
2045,NOS
1891,FA
2002,LAC
2003,FA
1865,FA
2272,FA
2032,FA
2038,FA
1945,PIT
2011,FA
1689,FA
1989,JAC
2050,FA
2193,KCC
1976,FA
2202,SFO
2020,CHI
2175,FA
1433,FA
2210,FA
1828,FA
1911,FA
2252,FA
4903,PIT
2271,FA
2022,FA
2242,FA
1790,FA
2114,FA
1834,FA
1974,FA
2049,FA
2143,KCC
2219,FA
2185,FA
2068,FA
1903,FA
2221,FA
1819,FA
2297,CLE
2236,RAM
1899,FA
1877,FA
1941,FA
2059,FA
2117,RAM
2225,FA
1965,FA
1909,BAL
2199,FA
2261,SFO
1823,IND
1879,MIA
2233,FA
2237,FA
2046,FA
2243,FA
2089,FA
2282,FA
2198,FA
1913,FA
2092,KCC
2012,DEN
1845,NYG
2085,IND
2254,LAC
2073,FA
2127,DET
2203,FA
1969,SEA
2171,FA
1838,BUF
2301,CHI
2111,CHI
1815,WAS
2190,FA
2268,NOS
1999,FA
1908,CLE
2302,TBB
2027,HOU
2689,FA
2287,FA
1960,FA
2024,FA
1920,FA
2144,FA
2303,FA
2214,FA
2105,FA
1886,NYG
2304,WAS
1874,FA
2040,FA
1679,KCC
2747,SEA
2102,FA
1505,HOU
1746,FA
2269,NYJ
2295,KCC
2039,FA
1897,NYG
1399,FA
1657,FA
2147,FA
2720,HOU
2285,NYG
2295,SEA
1906,FA
2070,FA
2095,JAC
2013,CAR
1939,FA
5828,FA
7515,FA
2174,FA
1373,NYJ
1338,FA
1559,FA
1349,FA
1495,FA
1411,FA
1455,FA
1481,MIN
1544,FA
1644,FA
1612,FA
1454,FA
1575,FA
1579,FA
1546,FA
1596,FA
1353,FA
1387,FA
1441,FA
1502,FA
1517,FA
1573,FA
1560,DET
1408,FA
1386,FA
1463,FA
1503,FA
1601,FA
1487,FA
1527,FA
1682,BUF
1449,FA
1490,FA
1418,FA
1567,FA
1365,FA
1390,FA
1589,FA
1456,FA
1514,NOS
1631,DAL
1479,FA
1568,FA
1362,FA
1535,FA
1673,FA
1555,FA
1352,FA
1413,FA
1512,FA
1426,FA
1450,FA
1595,FA
1605,STL
1333,FA
1346,FA
1628,FA
1466,KCC
1749,NOS
1339,FA
1500,FA
1357,FA
1388,FA
1485,MIA
1642,FA
1664,SDC
1520,FA
1473,FA
1347,NYJ
1587,FA
1477,FA
1654,FA
1440,FA
1494,FA
1578,FA
1356,FA
1427,CIN
1558,FA
1586,NYJ
1513,FA
1416,CLE
1641,FA
1582,FA
1380,CHI
1526,FA
1381,FA
1392,FA
1341,FA
1363,FA
1541,JAC
1663,FA
1543,NYG
1548,FA
1492,FA
1562,FA
1372,FA
1531,MIN
1460,FA
1553,BAL
1602,SEA
1342,FA
1410,FA
1376,FA
1482,FA
1572,FA
1465,FA
1405,FA
1507,FA
141,FA
1534,FA
1532,FA
1354,FA
1394,JAC
1417,FA
1345,FA
1577,FA
1371,FA
1545,FA
1576,FA
1536,FA
1498,FA
1367,FA
1343,BUF
1359,FA
1462,FA
1695,FA
1557,FA
1377,FA
1590,FA
1556,FA
1499,FA
1570,FA
1686,LAC
1744,FA
1395,FA
1444,FA
1698,FA
1549,FA
1397,FA
1332,ARI
1253,FA
1472,FA
1443,FA
1518,FA
1364,FA
1429,FA
1540,FA
1445,FA
1475,FA
1404,DAL
1423,FA
1489,ATL
1756,DET
1459,FA
1366,FA
1383,FA
1351,FA
1412,FA
1488,FA
1508,DET
1501,FA
1379,SFO
1344,JAC
1599,FA
1438,WAS
1350,FA
1483,FA
1458,JAC
1561,FA
1547,FA
1571,DAL
1497,FA
1533,FA
1585,FA
1603,FA
1525,FA
1516,CAR
1358,FA
1523,FA
1348,FA
1484,FA
1588,FA
1476,FA
1554,NEP
1409,FA
1511,FA
1528,TEN
1424,FA
1430,SFO
1425,FA
1422,TEN
1474,FA
1415,FA
1461,FA
1446,WAS
1471,FA
1448,SEA
1369,FA
1530,PHI
1402,FA
1414,FA
1524,NEP
1597,FA
1470,FA
1361,FA
1522,FA
1697,KCC
1584,FA
1600,FA
1542,FA
1515,DET
1420,PIT
1355,FA
1491,FA
1375,TBB
1583,FA
1436,FA
1336,PHI
1564,FA
1636,FA
1624,DAL
1652,FA
1665,FA
1670,SFO
1655,FA
1550,FA
1337,FA
1610,ARI
1619,FA
1451,FA
1684,FA
1539,FA
1453,FA
1666,FA
1384,FA
1432,FA
1747,KCC
1720,FA
1778,FA
1693,FA
1701,FA
1650,FA
1618,FA
1775,CLE
1675,FA
1770,FA
1593,JAC
1537,FA
1764,FA
1334,FA
1620,FA
1680,FA
1694,FA
1672,FA
1396,TEN
1755,CLE
1735,FA
1780,OAK
1732,BUF
1563,FA
1674,FA
1710,FA
1660,FA
161,FA
1706,FA
1617,FA
1646,WAS
1656,DAL
1688,FA
1635,FA
1777,FA
1442,FA
1736,MIN
1633,FA
1734,FA
1616,NOS
1700,FA
1685,FA
1638,FA
1565,FA
1649,KCC
1683,FA
1676,FA
1765,FA
1627,DET
1630,CLE
79,KCC
1608,FA
1604,FA
1609,MIA
1762,FA
1761,FA
1648,PHI
1434,BAL
1626,FA
1671,FA
1771,NYG
1742,FA
2291,FA
1468,SFO
1681,NYG
1614,NYJ
1662,FA
1713,FA
1506,WAS
1611,FA
1551,FA
1773,FA
1661,FA
1724,FA
1504,FA
2129,DET
2296,FA
1708,FA
1640,FA
1998,NYJ
1678,FA
1691,BAL
1785,KCC
1100,FA
1111,FA
1169,FA
1049,FA
1085,HOU
1029,FA
1166,LVR
1158,FA
1126,FA
1234,FA
1109,IND
1221,FA
1082,FA
1048,FA
1195,FA
1033,FA
1225,FA
1263,FA
1232,FA
1106,FA
1130,ATL
1206,FA
1114,FA
1097,FA
1219,FA
1149,FA
1071,FA
1164,FA
1110,FA
1104,FA
1189,FA
1154,FA
1215,FA
1208,FA
1201,FA
1077,FA
1067,FA
7509,NYJ
1105,FA
1107,FA
1139,FA
1256,PIT
1065,FA
1051,FA
1141,FA
1177,FA
1116,FA
1038,FA
1103,FA
1028,FA
1240,FA
1270,CIN
1179,FA
1072,FA
1131,FA
1027,FA
1197,FA
1063,FA
1092,FA
1242,FA
1157,FA
1192,FA
1171,FA
1093,FA
1064,FA
1181,FA
1037,FA
1233,FA
1210,FA
1145,FA
1068,FA
1203,FA
1025,CHI
1255,FA
1213,FA
1066,FA
1228,FA
1286,FA
1043,FA
1194,FA
1162,NYG
1175,FA
1054,FA
1226,FA
1150,FA
1128,FA
1032,FA
1039,FA
1143,FA
1204,FA
1254,FA
1123,FA
1045,FA
1113,DAL
1259,FA
1052,NYJ
1218,FA
1146,FA
1094,FA
7511,FA
1080,FA
1186,FA
1121,FA
1180,CAR
1040,FA
1133,STL
1251,FA
1152,FA
1148,LVR
1229,FA
1095,FA
1081,MIA
1102,FA
1041,FA
1165,NYJ
1211,FA
1174,FA
1294,FA
1124,FA
1160,FA
1209,FA
1193,FA
1118,FA
1182,FA
1073,FA
1042,FA
1156,DET
325,FA
1285,MIN
1069,ARI
1136,FA
1099,FA
1191,CLE
1249,MIA
1224,SFO
1137,FA
1056,DET
1266,FA
1230,FA
1170,FA
1196,FA
1214,FA
1117,FA
1216,FA
1241,FA
1733,PIT
1147,FA
1260,FA
1127,FA
1135,FA
1307,FA
1155,BUF
1035,FA
1060,FA
1075,FA
1086,FA
1183,FA
1096,FA
1167,FA
1243,SEA
1046,FA
1252,FA
1026,FA
1729,FA
1231,NEP
1062,SEA
1328,FA
1330,FA
1163,FA
1091,FA
1084,FA
1319,FA
1314,STL
1324,FA
1265,FA
1059,FA
1173,FA
1034,FA
1274,FA
1262,FA
1718,FA
1202,MIN
1737,CHI
1030,FA
1138,FA
1061,FA
1244,FA
1284,FA
1199,JAC
1758,PIT
1217,WAS
1786,SFO
1144,FA
1176,KCC
1275,FA
1264,FA
1185,FA
1308,FA
1247,FA
1078,FA
1237,FA
1235,FA
1125,FA
1089,FA
1120,FA
1200,FA
975,SFO
1057,FA
1246,FA
1223,FA
1151,FA
1079,FA
1076,FA
1178,FA
1198,PIT
1205,FA
1115,FA
1207,STL
1258,FA
1090,FA
1190,NOS
1036,NEP
1053,FA
1276,FA
1245,FA
1289,CAR
1122,ARI
1281,CAR
1290,FA
1278,NYG
1291,FA
1293,FA
1283,FA
1296,FA
1300,OAK
1312,FA
1313,FA
1315,FA
1317,JAC
1321,FA
1322,FA
1323,FA
165,FA
1326,FA
1331,FA
1277,FA
1592,FA
1047,BUF
1750,FA
1709,FA
1763,NEP
173,NOS
1807,FA
3653,FA
1759,FA
1325,FA
1716,FA
1704,FA
1743,FA
1699,FA
1739,FA
1282,LAR
1311,FA
1703,FA
1236,FA
1772,FA
1787,FA
1,PHI
2289,FA
2300,NYG
1667,FA
1738,FA
927,FA
959,FA
972,FA
830,FA
862,FA
961,FA
908,FA
795,FA
843,PIT
871,WAS
810,FA
967,FA
924,DAL
947,FA
856,FA
954,FA
986,FA
875,FA
956,FA
878,FA
809,FA
917,FA
844,FA
894,FA
937,MIN
826,FA
957,NOS
851,TEN
825,FA
800,FA
941,FA
980,FA
974,FA
806,FA
949,FA
895,FA
904,FA
814,FA
978,FA
914,FA
928,FA
822,FA
966,FA
943,FA
829,PHI
819,FA
855,FA
881,FA
964,FA
838,FA
836,FA
901,FA
916,FA
873,NYG
893,FA
786,FA
835,FA
953,FA
870,FA
799,FA
971,FA
811,FA
846,FA
976,IND
889,MIN
891,FA
962,FA
897,HOU
789,PHI
946,FA
923,FA
816,FA
952,FA
998,FA
798,FA
833,FA
969,FA
963,FA
915,FA
990,FA
804,TEN
968,FA
884,MIA
866,FA
790,MIN
877,IND
865,FA
886,FA
818,FA
839,FA
874,FA
929,FA
973,FA
837,FA
935,FA
847,FA
907,DAL
852,FA
887,FA
788,FA
857,FA
817,FA
996,FA
918,FA
812,FA
841,FA
820,FA
823,FA
832,FA
993,FA
801,FA
902,FA
920,FA
919,FA
827,GBP
885,FA
970,FA
133,FA
933,FA
960,FA
872,FA
979,FA
944,FA
925,FA
880,WAS
868,FA
797,FA
982,FA
934,FA
948,FA
805,FA
1288,FA
892,CAR
807,CIN
882,FA
997,FA
845,FA
802,MIN
1161,FA
987,FA
1287,FA
909,FA
3106,DAL
860,FA
992,FA
896,FA
1020,FA
899,FA
853,FA
815,WAS
906,FA
958,FA
984,BAL
988,FA
834,FA
911,FA
863,FA
930,BUF
955,FA
850,PHI
991,SEA
922,FA
942,BAL
938,MIN
910,FA
876,FA
950,FA
912,TBB
977,FA
869,FA
831,FA
995,FA
926,CHI
888,FA
840,NYG
864,BUF
849,FA
903,FA
794,FA
821,FA
1740,FA
940,FA
791,FA
994,FA
1007,FA
945,FA
913,FA
1306,FA
1707,FA
1304,FA
1298,FA
1108,FA
1329,FA
936,FA
1272,FA
803,FA
1250,NYG
900,FA
1112,LAC
1279,FA
931,DEN
985,FA
1292,ARI
1299,FA
1297,PIT
1305,FA
1302,FA
1715,OAK
737,FA
690,FA
539,FA
778,FA
630,FA
542,TEN
603,FA
626,FA
705,SDC
552,FA
549,FA
1013,TBB
581,FA
514,FA
614,FA
566,FA
747,FA
736,FA
636,PHI
506,PIT
575,FA
717,FA
719,FA
602,FA
511,FA
598,FA
1022,FA
708,FA
545,FA
718,FA
620,FA
517,FA
577,DAL
756,MIA
561,FA
7508,IND
625,FA
587,FA
521,FA
633,FA
729,NYG
746,NYG
513,FA
765,FA
771,FA
770,FA
779,FA
2609,FA
781,CAR
782,FA
783,FA
784,FA
1009,FA
1019,FA
1017,FA
1000,FA
1014,FA
1001,FA
1006,TBB
1024,PIT
716,FA
1002,PIT
1303,FA
570,PHI
594,FA
563,FA
621,FA
611,FA
619,FA
531,FA
721,FA
507,FA
574,FA
732,FA
529,FA
583,FA
637,FA
605,FA
643,FA
642,FA
629,FA
720,TBB
610,FA
590,DET
530,FA
592,FA
632,FA
617,FA
512,FA
613,FA
519,FA
518,FA
612,FA
524,NOS
628,FA
571,FA
550,FA
541,FA
564,FA
580,FA
618,FA
544,FA
559,FA
597,FA
576,FA
528,FA
773,FA
728,NYG
567,FA
554,FA
535,FA
510,MIA
604,FA
558,FA
595,FA
560,FA
572,FA
534,DAL
523,FA
557,FA
712,BUF
730,FA
533,FA
515,FA
568,FA
579,FA
599,FA
1004,FA
701,FA
505,FA
1005,SEA
591,FA
1008,FA
546,FA
538,FA
608,FA
627,FA
565,FA
616,FA
748,FA
733,FA
540,FA
999,BUF
644,FA
527,FA
543,FA
586,FA
754,FA
584,NOS
752,FA
622,FA
639,FA
713,FA
520,FA
508,FA
573,FA
601,FA
526,WAS
582,FA
714,FA
722,DET
727,FA
702,FA
640,FA
624,FA
762,FA
536,FA
1003,FA
606,FA
638,DEN
6769,FA
609,FA
682,FA
667,FA
760,FA
780,FA
1018,ARI
1050,FA
342,FA
455,FA
350,FA
444,FA
421,LAR
437,FA
426,FA
356,FA
414,FA
411,FA
387,FA
466,FA
453,FA
429,FA
354,FA
465,FA
4961,FA
373,FA
676,FA
432,FA
474,FA
6736,OAK
394,FA
390,FA
352,FA
377,FA
348,FA
448,FA
472,FA
399,TBB
379,FA
425,FA
343,FA
480,FA
366,FA
418,MIA
367,FA
361,FA
463,FA
372,FA
383,FA
332,FA
371,FA
395,FA
482,FA
440,CHI
452,FA
753,FA
398,FA
381,FA
4914,FA
419,FA
689,FA
346,FA
365,FA
478,FA
433,NOS
470,FA
476,FA
666,FA
672,FA
588,FA
339,FA
402,FA
375,FA
400,FA
384,FA
685,FA
396,FA
435,TBB
475,FA
353,FA
428,FA
445,SFO
337,FA
555,FA
749,FA
427,FA
502,NEP
659,CIN
709,FA
496,NEP
397,FA
368,FA
406,FA
488,DEN
454,FA
441,FA
446,FA
423,FA
378,FA
410,FA
431,NOS
344,FA
362,FA
487,FA
757,FA
380,FA
4825,FA
391,FA
669,FA
503,FA
405,FA
490,FA
385,FA
345,FA
486,FA
772,FA
357,CIN
483,FA
687,FA
495,FA
694,FA
493,FA
724,DET
769,FA
1010,FA
104,FA
170,FA
40,FA
21,FA
148,FA
125,BAL
143,FA
323,FA
98,FA
183,FA
19,CIN
237,FA
674,FA
140,FA
89,FA
147,FA
403,ARI
272,FA
291,FA
315,FA
137,FA
318,FA
68,FA
27,FA
326,FA
196,FA
145,FA
33,FA
309,FA
16,FA
95,FA
24,FA
218,FA
180,FA
191,FA
304,KCC
189,FA
175,FA
297,FA
103,FA
321,FA
8,FA
75,FA
415,FA
67,FA
247,FA
8079,FA
60,FA
5833,FA
54,FA
139,FA
652,FA
776,FA
66,FA
151,FA
32,FA
105,FA
176,FA
149,FA
266,FA
25,FA
83,FA
29,FA
312,FA
129,FA
665,FA
328,FA
260,CIN
750,SEA
222,FA
479,FA
438,FA
241,FA
153,OAK
364,FA
706,FA
197,IND
340,FA
269,FA
144,NOS
108,FA
660,FA
501,FA
458,FA
45,FA
499,FA
491,FA
317,FA
497,FA
182,FA
459,FA
775,FA
106,FA
210,FA
257,FA
101,FA
109,FA
5820,FA*
11,FA
281,FA
1015,FA
711,FA
735,FA
469,DET
349,FA
498,BAL
126,FA
240,FA
184,FA
671,FA
282,FA
254,FA
286,FA
704,FA
160,FA
745,FA
695,FA
56,FA
15,FA
28,FA
37,FA
134,FA
14,FA
230,FA*
152,FA
171,FA
298,FA
46,FA
58,FA
22,FA
700,DET
3,FA
739,OAK
355,FA
181,FA
290,FA
283,FA
6,FA
768,FA
250,FA
295,NEP
59,FA
278,FA
193,FA
203,FA
253,FA
285,FA
97,FA
77,NYG
99,SDC
238,FA
121,FA
86,FA
221,FA
273,FA
156,FA
4915,FA
650,ATL
192,WAS
35,FA
50,FA
492,CLE
699,NYG
311,FA
227,FA
738,CIN
215,FA
78,FA
34,FA
233,FA
451,NYG
231,FA
494,NOS
47,FA
255,FA
130,FA
219,FA
179,FA
157,FA
261,FA
200,FA
217,FA
416,FA
314,FA
249,FA
649,FA
90,FA
39,FA
172,FA
651,FA
306,FA
111,DEN
220,FA
93,FA
245,FA
150,FA
26,FA
198,FA
264,FA
51,FA
279,FA
293,FA
688,FA
683,FA
677,FA
154,FA
698,FA
764,FA
119,NOS
42,FA
76,FA
64,FA
723,FA
287,FA
71,FA
755,FA
10,FA
697,FA
110,FA
648,FA
236,FA
164,NYG
31,FA
65,FA
94,FA
473,FA
313,FA
87,FA
284,FA
276,FA
393,PIT
132,FA
13,FA
88,FA
61,FA
2859,FA
243,FA
201,FA
44,FA
122,FA
277,NYG
341,FA
251,FA
484,FA
53,FA
292,FA
504,FA
17,BUF
228,FA
678,FA
146,FA
242,FA
268,FA
258,FA
6738,FA
657,FA
675,FA
186,FA
187,FA
329,FA
96,PIT
673,FA
4,FA
310,FA
658,FA
209,FA
128,FA
232,FA
195,FA
661,WAS
85,FA
330,FA
388,FA
82,FA
114,SFO
246,FA
408,FA
374,FA
62,FA
743,FA
52,FA
691,FA
174,FA
389,FA
450,FA
333,FA
166,FA
302,FA
370,FA
49,FA
225,DAL
270,FA
316,FA
457,FA
188,FA
223,FA
331,FA
449,FA
265,FA
138,FA
205,FA
57,NEP
668,FA
663,FA
646,FA
211,FA
645,FA
133,FA
320,FA
468,FA
81,FA
178,FA
248,FA
155,FA
664,FA
20,FA
376,FA
275,FA
5834,FA
1238,FA
112,FA
2218,FA
1271,FA
177,FA
252,DET
74,FA
63,FA
199,FA
135,FA
91,FA
92,FA
235,FA
5817,PIT
259,FA
296,FA
6777,FA
107,NYJ
679,FA
5,FA
185,FA
117,FA
655,FA
214,FA
656,FA
23,FA
55,FA
1393,FA
662,FA
386,FA
263,FA
9,FA
761,FA
102,FA
72,FA
322,FA
670,FA
142,FA
696,FA
239,FA
684,FA
159,FA
2601,FA
226,FA
208,FA
41,NYJ
158,FA
500,FA
127,FA
48,FA
461,FA
305,FA
69,FA
194,FA
289,FA
169,FA
477,ARI
118,FA
2697,FA
307,FA
167,FA
693,FA
692,FA
294,FA
100,FA
11541,FA
36,FA
229,FA
392,FA
404,DAL
4901,FA
3014,STL
120,FA
11553,FA
634,BAL
462,FA
2639,DEN
1899,FA
1753,FA
751,FA
774,FA
1320,IND
1301,FA
1623,FA
2051,FA
1741,FA
1717,DAL
1981,FA
1606,BAL
2047,SDC
1692,MIA
1871,BAL
1400,TEN
1948,FA
2177,FA
2154,FA
2623,CIN
2644,FA
1978,JAC
2718,OAK
2833,HOU
1876,ATL
2865,NYJ
3842,OAK
8357,LVR
8931,FA
7909,FA
8824,FA
12436,SEA
12256,FA
780,FA
1962,MIN
7,FA
2578,FA
758,FA
686,FA
115,CAR
412,BUF
168,FA
763,FA
207,CAR
767,FA
2864,STL
